"","year","state","district","turnout","CVAP","candidate"
"1",2008,"AK",0,0.709726711724949,0.0350231154620417,0
"2",2010,"AK",0,0.448496796451454,0.0323404594449204,0
"3",2010,"AK",1,0.448496796451454,0.0323404594449204,0
"4",2008,"AK",1,0.709726711724949,0.0350231154620417,0
"5",2006,"AK",1,0.439429464634623,0.031784871444541,0
"6",2010,"AL",0,0.397472787724969,0.256073687118723,0
"7",2008,"AL",0,0.625539390035247,0.252987358231597,1
"8",2010,"AL",1,0.374314287475345,0.261221335329847,0
"9",2006,"AL",1,0.266087278106509,0.261221335329847,0
"10",2008,"AL",1,0.620053624260355,0.261221335329847,0
"11",2010,"AL",2,0.381727227749986,0.294783836395052,0
"12",2008,"AL",2,0.576660576660577,0.293965614807651,0
"13",2006,"AL",2,0.266649716892969,0.294783836395052,0
"14",2010,"AL",3,0.37384638565563,0.308788377543721,0
"15",2006,"AL",3,0.28469180431685,0.308430401123104,0
"16",2008,"AL",3,0.564202480657005,0.316352577091116,0
"17",2006,"AL",4,0.279709241952233,0.0499617115855139,0
"18",2010,"AL",4,0.359460020768432,0.0499617115855139,0
"19",2008,"AL",4,0.555389408099689,0.0499617115855139,0
"20",2006,"AL",5,0.291851672615087,0.165979228248297,0
"21",2008,"AL",5,0.626272483310785,0.176313139706529,0
"22",2010,"AL",5,0.396213701964876,0.172851612030635,0
"23",2006,"AL",6,0.283270755110555,0.106820760305043,0
"24",2008,"AL",6,0.640801001251564,0.106820760305043,0
"25",2010,"AL",6,0.413694201084689,0.106820760305043,0
"26",2008,"AL",7,0.619576019156512,0.617318353552114,1
"27",2006,"AL",7,0.329064457584451,0.619526360291701,1
"28",2010,"AL",7,0.417386426971398,0.613754019923131,1
"29",2008,"AR",0,0.544885781643769,0.147130518321404,0
"30",2010,"AR",0,0.32831187180091,0.151675775102085,0
"31",2010,"AR",1,0.381513049223654,0.14871652772701,0
"32",2006,"AR",1,0.356194251734391,0.14871652772701,0
"33",2006,"AR",2,0.317646467691689,0.192816701092454,0
"34",2010,"AR",2,0.30825270751708,0.203997411904153,1
"35",2008,"AR",2,0.548806962268501,0.194165196339912,0
"36",2008,"AR",3,0.357896323086197,0.023851928264499,0
"37",2010,"AR",3,0.207805907172996,0.023851928264499,0
"38",2006,"AR",3,0.199593128390597,0.023851928264499,0
"39",2006,"AR",4,0.324615196463826,0.23424090754693,0
"40",2010,"AR",4,0.336093785488408,0.23424090754693,0
"41",2008,"AR",4,0.5034156227615,0.23424090754693,0
"42",2006,"AZ",0,0.281401289019573,0.0338900307807521,0
"43",2010,"AZ",0,0.244540828996991,0.0403461094032493,0
"44",2010,"AZ",1,0.522813895241207,0.0172424476276848,0
"45",2006,"AZ",1,0.581618207557443,0.0172424476276848,0
"46",2008,"AZ",1,0.722748557116411,0.0172424476276848,0
"47",2010,"AZ",2,0.281484465481646,0.028621748724135,0
"48",2008,"AZ",2,0.513794640645896,0.0292049467153295,0
"49",2006,"AZ",2,0.262859411331027,0.0281109260041609,0
"50",2010,"AZ",3,0.234647745824438,0.0332421883153478,0
"51",2006,"AZ",3,0.223589102029469,0.0301256281407035,0
"52",2008,"AZ",3,0.407160699417152,0.03482810690783,0
"53",2006,"AZ",4,0.204024002823862,0.109519314715007,0
"54",2010,"AZ",4,0.175451790572674,0.13160323120588,0
"55",2008,"AZ",4,0.47685199351305,0.100957959154673,0
"56",2006,"AZ",5,0.227076849413455,0.0351530529589117,0
"57",2008,"AZ",5,0.511371797941106,0.0351530529589117,0
"58",2010,"AZ",5,0.272324634905435,0.0351530529589117,0
"59",2006,"AZ",6,0.335011378525619,0.024226841154722,0
"60",2008,"AZ",6,0.610292397660819,0.0271092073014132,0
"61",2010,"AZ",6,0.232250502344273,0.0367508257705012,0
"62",2008,"AZ",7,0.438132295719844,0.0388377097538566,0
"63",2006,"AZ",7,0.211986055572644,0.0434241546582012,0
"64",2010,"AZ",7,0.239412006578947,0.0375724664269465,0
"65",2008,"AZ",8,0.443580410324289,0.0320437712401321,0
"66",2006,"AZ",8,0.306448352536891,0.0279207585506265,0
"67",2010,"AZ",8,0.288749526950316,0.0329097078033566,0
"68",2010,"CA",0,0.370050257416033,0.0709402994075424,0
"69",2006,"CA",0,0.310972918859058,0.0714648992709786,0
"70",2010,"CA",1,0.374533889010748,0.0188377531878321,0
"71",2006,"CA",1,0.324851941215179,0.0188377531878321,0
"72",2008,"CA",1,0.4926795026073,0.0208029973672901,0
"73",2006,"CA",2,0.332097372239239,0.0125947704190406,0
"74",2010,"CA",2,0.399322908270192,0.0125947704190406,0
"75",2008,"CA",2,0.592132838948896,0.0125947704190406,0
"76",2010,"CA",3,0.376639174034297,0.0638084799057999,0
"77",2008,"CA",3,0.56322334400394,0.0602208418832174,0
"78",2006,"CA",3,0.333507511430438,0.0580425519008841,0
"79",2010,"CA",4,0.312600597838584,0.015679304327762,0
"80",2006,"CA",4,0.269602207404001,0.015679304327762,0
"81",2008,"CA",4,0.427684525178202,0.015679304327762,0
"82",2010,"CA",5,0.383755267772002,0.145286425513278,0
"83",2008,"CA",5,0.625166038974231,0.148996113914236,0
"84",2006,"CA",5,0.332386592863944,0.153880728591117,0
"85",2010,"CA",6,0.391119909502262,0.0232604033732847,0
"86",2006,"CA",6,0.411120561343823,0.0214510350363865,0
"87",2008,"CA",6,0.57130785841705,0.0235991403186139,0
"88",2008,"CA",7,0.658200875374338,0.165091951482134,0
"89",2010,"CA",7,0.37789506046321,0.183974358974359,0
"90",2006,"CA",7,0.331232091690544,0.17636654594458,0
"91",2010,"CA",8,0.465010690811182,0.0779418239576004,0
"92",2008,"CA",8,0.755285472018089,0.0743875849685777,0
"93",2006,"CA",8,0.412685177464632,0.0825522619902577,0
"94",2006,"CA",9,0.509945712983299,0.242433680107297,1
"95",2010,"CA",9,0.53551269035533,0.22844234787711,1
"96",2008,"CA",9,0.823521304453845,0.230453489309614,1
"97",2006,"CA",10,0.385328068043742,0.0734267450004238,0
"98",2008,"CA",10,0.641323091393635,0.0839854121591672,0
"99",2010,"CA",10,0.455643649992792,0.0736843670601032,0
"100",2008,"CA",11,0.658606695975651,0.0465458552230289,0
"101",2006,"CA",11,0.312786245213605,0.053973991660149,0
"102",2010,"CA",11,0.398165350673479,0.0509959970629337,0
"103",2008,"CA",12,0.598254589226602,0.0296291012520814,0
"104",2006,"CA",12,0.423877624909486,0.025133367457203,0
"105",2010,"CA",12,0.460632308358597,0.0263125507106326,0
"106",2006,"CA",13,0.372852689527094,0.0792969150623115,0
"107",2008,"CA",13,0.544404880347699,0.0952777708484047,0
"108",2010,"CA",13,0.380651854413417,0.0859254673765012,0
"109",2006,"CA",14,0.344970414201183,0.0351094964436054,0
"110",2008,"CA",14,0.547986554160664,0.0365080319172915,0
"111",2010,"CA",14,0.425627975701855,0.0304263231903931,0
"112",2006,"CA",15,0.34337637494022,0.0266712585619715,1
"113",2010,"CA",15,0.318031056837027,0.0317960984705947,0
"114",2008,"CA",15,0.725978260869565,0.0227015316131166,0
"115",2010,"CA",16,0.382756848057575,0.0351414613500701,0
"116",2008,"CA",16,0.51670666420528,0.0435930244722886,0
"117",2006,"CA",16,0.302116437893029,0.0407199577078538,0
"118",2008,"CA",17,0.490481708326436,0.0325566480826285,0
"119",2010,"CA",17,0.339347790100977,0.0325566480826285,0
"120",2006,"CA",17,0.284307233901672,0.0325566480826285,0
"121",2008,"CA",18,0.376953438372429,0.0828333949119249,0
"122",2010,"CA",18,0.263231044950806,0.0720810737419887,0
"123",2006,"CA",18,0.210745766431367,0.0720810737419887,0
"124",2008,"CA",19,0.422052256044351,0.0403674325309993,0
"125",2010,"CA",19,0.267953390483035,0.0403674325309993,1
"126",2006,"CA",19,0.206560238180792,0.0403674325309993,0
"127",2010,"CA",20,0.152016197064282,0.102104568032387,0
"128",2008,"CA",20,0.265693344366946,0.103294898448256,0
"129",2006,"CA",20,0.132236881739864,0.100391914939943,0
"130",2010,"CA",21,0.251038482639705,0.0285736680626162,0
"131",2006,"CA",21,0.246683651058596,0.026247584613469,0
"132",2008,"CA",21,0.455679522094351,0.026247584613469,0
"133",2006,"CA",22,0.206908450947238,0.0588703730413956,0
"134",2010,"CA",22,0.215092850903148,0.0667220694050912,0
"135",2008,"CA",22,0.419150799571832,0.0600218055798921,0
"136",2006,"CA",23,0.335731680318796,0.0227844206416662,0
"137",2008,"CA",23,0.535428342674139,0.0240336162751262,0
"138",2010,"CA",23,0.354183346677342,0.0240336162751262,0
"139",2006,"CA",24,0.31019290307216,0.0189764297286854,0
"140",2008,"CA",24,0.577169786621285,0.0172208182762951,0
"141",2010,"CA",24,0.396648776017803,0.0172208182762951,0
"142",2008,"CA",25,0.445574792100865,0.0977556602707893,0
"143",2006,"CA",25,0.197755443158877,0.101870812233254,0
"144",2010,"CA",25,0.259021889173733,0.0985153727498436,0
"145",2008,"CA",26,0.652213231794384,0.046233438152599,0
"146",2006,"CA",26,0.313913359367905,0.0481433062396978,0
"147",2010,"CA",26,0.393770215782711,0.0485573085537371,0
"148",2006,"CA",27,0.31781033153431,0.0503032935664531,0
"149",2008,"CA",27,0.625721393034826,0.0515746960685199,0
"150",2010,"CA",27,0.345043550394027,0.0575572887198696,0
"151",2006,"CA",28,0.348776161759489,0.0435608987236147,0
"152",2008,"CA",28,0.543358129649309,0.0594037529788678,0
"153",2010,"CA",28,0.339706786959196,0.0565403387551155,0
"154",2006,"CA",29,0.368386722713437,0.0668792896196053,0
"155",2010,"CA",29,0.569460753319483,0.0556989409604307,0
"156",2008,"CA",29,0.66137865911237,0.0636886748425525,0
"157",2006,"CA",30,0.519710266053768,0.029957811189424,0
"158",2010,"CA",30,0.5556269345325,0.0349652348815127,0
"159",2008,"CA",30,0.815456282847587,0.0340769172845109,0
"160",2010,"CA",31,0.288363388907792,0.0661648831589848,0
"161",2008,"CA",31,0.366014301844185,0.0814493508882179,0
"162",2006,"CA",31,0.205516807383712,0.0750160307475639,0
"163",2008,"CA",32,0.459299239072731,0.0332865048580862,0
"164",2010,"CA",32,0.333300627943485,0.0296842552869255,0
"165",2006,"CA",32,0.264664943328694,0.0293964635393833,0
"166",2010,"CA",33,0.494019747975093,0.325948655335283,1
"167",2008,"CA",33,0.631188714431811,0.354271617830798,1
"168",2006,"CA",33,0.37355983066288,0.347322632193291,1
"169",2010,"CA",34,0.20905243942914,0.0838729657221795,0
"170",2006,"CA",34,0.143007148338112,0.0927767453013998,0
"171",2008,"CA",34,0.394298009682625,0.0751776595627351,0
"172",2006,"CA",35,0.308349539552708,0.443038014780182,1
"173",2010,"CA",35,0.402720476808515,0.400266424427463,1
"174",2008,"CA",35,0.581374964975681,0.419482777846425,1
"175",2006,"CA",36,0.389767812428864,0.0427167378531266,0
"176",2008,"CA",36,0.548954114650745,0.0564755538263832,0
"177",2010,"CA",36,0.46146008456875,0.0462092588015114,0
"178",2006,"CA",37,0.301355559792626,0.319286049734167,1
"179",2008,"CA",37,0.618358642848946,0.306138460817837,1
"180",2010,"CA",37,0.420764549184312,0.285337801474709,1
"181",2008,"CA",38,0.516006042730739,0.0404412727320333,0
"182",2006,"CA",38,0.300088474221829,0.0370973757627296,0
"183",2010,"CA",38,0.298292052687969,0.0461936190096335,0
"184",2008,"CA",39,0.563355145746579,0.0687391016073395,0
"185",2006,"CA",39,0.247908146035796,0.0746505700120445,0
"186",2010,"CA",39,0.341893936454979,0.0734469072062138,0
"187",2006,"CA",40,0.237263033175355,0.0256747610102593,0
"188",2008,"CA",40,0.419790104947526,0.0312608690289717,0
"189",2010,"CA",40,0.359325270528326,0.0230139876018429,0
"190",2006,"CA",41,0.236330960116126,0.0584864355697142,0
"191",2008,"CA",41,0.532424439154584,0.0548132068869396,0
"192",2010,"CA",41,0.27674096848578,0.0611826450089822,0
"193",2006,"CA",42,0.244950611823677,0.0309466019417476,0
"194",2010,"CA",42,0.360213747874666,0.0274970167595775,0
"195",2008,"CA",42,0.484446410143005,0.0309466019417476,0
"196",2006,"CA",43,0.159545029828218,0.15588096892016,0
"197",2010,"CA",43,0.21429318459125,0.15352091946641,0
"198",2008,"CA",43,0.38965624485465,0.14726199007495,0
"199",2006,"CA",44,0.233154788304732,0.0605194043656726,0
"200",2010,"CA",44,0.277764523440296,0.0651961308511155,0
"201",2008,"CA",44,0.429191127562972,0.0694081469616498,0
"202",2010,"CA",45,0.281525066972828,0.0775634163672018,0
"203",2008,"CA",45,0.500425034534056,0.0735363638139517,0
"204",2006,"CA",45,0.236531540328656,0.0716620648703333,0
"205",2006,"CA",46,0.331777518475301,0.0170565743994374,0
"206",2010,"CA",46,0.419681057954103,0.0170565743994374,0
"207",2008,"CA",46,0.747708634828751,0.013943258404294,0
"208",2006,"CA",47,0.143595984180103,0.0255649448374289,0
"209",2010,"CA",47,0.158148938560036,0.0313623954205196,0
"210",2008,"CA",47,0.327832943925234,0.0265412983066745,0
"211",2006,"CA",48,0.221594120972301,0.019352707191024,0
"212",2010,"CA",48,0.296257359125315,0.0194065021575248,0
"213",2008,"CA",48,0.496513249651325,0.0180079868058637,0
"214",2006,"CA",49,0.207448344125046,0.0529716975979551,0
"215",2008,"CA",49,0.461848370162373,0.0501882083342694,0
"216",2010,"CA",49,0.275544891021796,0.0525650835827924,0
"217",2006,"CA",50,0.346520547945205,0.0190645520509279,0
"218",2008,"CA",50,0.590970610982212,0.0215758910692831,0
"219",2010,"CA",50,0.40509657194863,0.0195709394605078,0
"220",2008,"CA",51,0.512951062778052,0.102516285798986,0
"221",2006,"CA",51,0.281555036709893,0.0979200696340083,0
"222",2010,"CA",51,0.305998205146863,0.094227806904874,0
"223",2008,"CA",52,0.540535103600885,0.0429314465721127,0
"224",2006,"CA",52,0.242154496077248,0.0429314465721127,0
"225",2010,"CA",52,0.272090913019055,0.0496861206052591,0
"226",2006,"CA",53,0.273364485981308,0.0672719539932321,0
"227",2008,"CA",53,0.655686827719979,0.0652282932754242,0
"228",2010,"CA",53,0.352274179123547,0.0707701349488008,0
"229",2008,"CO",0,0.727136068276598,0.0360183392766174,0
"230",2010,"CO",0,0.403611822783228,0.0362252858290046,0
"231",2008,"CO",1,0.817739332190053,0.0937113740726823,0
"232",2006,"CO",1,0.362482437866382,0.101688318726199,0
"233",2010,"CO",1,0.445061700286872,0.0956998056458571,0
"234",2010,"CO",2,0.474087932647334,0.0107829490205572,0
"235",2008,"CO",2,0.786342376052385,0.0107829490205572,0
"236",2006,"CO",2,0.393451824134705,0.0107829490205572,0
"237",2006,"CO",5,0.233004320767432,0.0518758122624903,0
"238",2010,"CO",5,0.243327938289886,0.0554748959809881,0
"239",2008,"CO",5,0.501795697730386,0.0537933589330954,0
"240",2010,"CO",6,0.586821835231078,0.0209941274799137,0
"241",2008,"CO",6,0.786138613861386,0.0252249552230286,0
"242",2006,"CO",6,0.42798353909465,0.0232843372108622,0
"243",2010,"CO",7,0.370264822409119,0.0652308947881481,1
"244",2006,"CO",7,0.33331972066811,0.057666538712435,0
"245",2008,"CO",7,0.677745716219586,0.0654732471894388,0
"246",2010,"CT",0,0.338045727133153,0.0905049332605442,0
"247",2010,"CT",1,0.388988245364638,0.129144524371659,0
"248",2008,"CT",1,0.714208204984598,0.114529462231096,0
"249",2008,"CT",2,0.377904194800362,0.0351388159775219,0
"250",2010,"CT",2,0.226985122270991,0.032095178679566,0
"251",2008,"CT",3,0.589886731391586,0.123063688445753,0
"252",2010,"CT",3,0.342596946612746,0.123861333084826,0
"253",2010,"CT",4,0.336154163695726,0.117429308631475,0
"254",2008,"CT",4,0.615632979509148,0.108248070302881,0
"255",2010,"CT",5,0.262700885823326,0.0566757352605584,0
"256",2008,"CT",5,0.538613701505793,0.0505789700438388,0
"257",2006,"DE",0,0.36407697790449,0.194131531824841,0
"258",2010,"DE",0,0.479354016786571,0.202480937748947,0
"259",2008,"DE",0,0.754572834790274,0.193922903786433,0
"260",2008,"DE",1,0.754572834790274,0.193922903786433,0
"261",2010,"DE",1,0.479354016786571,0.202480937748947,0
"262",2006,"DE",1,0.36407697790449,0.194131531824841,0
"263",2010,"FL",0,0.350655225456514,0.142004845656487,1
"264",2006,"FL",0,0.29182913092453,0.133911609203692,0
"265",2008,"FL",1,0.596159210085909,0.137161133343025,0
"266",2006,"FL",1,0.259890587905687,0.130815035714355,0
"267",2010,"FL",1,0.330330541345775,0.136202761342733,0
"268",2008,"FL",2,0.608296517780652,0.21881328956896,0
"269",2010,"FL",2,0.363818033179465,0.212744763905822,0
"270",2010,"FL",3,0.342465565869821,0.497387238099562,1
"271",2010,"FL",4,0.331022613185447,0.151167706756185,0
"272",2006,"FL",4,0.293285134060044,0.140533913930407,0
"273",2008,"FL",4,0.659276641608797,0.138872152814881,0
"274",2008,"FL",5,0.587146051606744,0.0563827813012196,0
"275",2006,"FL",5,0.300038319070124,0.0475584457396951,0
"276",2010,"FL",5,0.319192731746557,0.0573544697839403,0
"277",2006,"FL",6,0.291707646050524,0.12479638659632,0
"278",2008,"FL",6,0.636340572356404,0.129993997638631,0
"279",2010,"FL",6,0.331106596558317,0.136149386855922,0
"280",2006,"FL",7,0.305920848261437,0.0826334127375281,0
"281",2008,"FL",7,0.671250991801111,0.0886681518953416,0
"282",2010,"FL",7,0.349018286302123,0.0915619331275202,0
"283",2008,"FL",8,0.697655380869419,0.0885337783468467,0
"284",2006,"FL",8,0.272547213265776,0.0839161920370453,0
"285",2010,"FL",8,0.339802678957223,0.0949893884279995,0
"286",2008,"FL",9,0.669027641567687,0.0500726600111673,0
"287",2006,"FL",9,0.271660125018171,0.0490575725808177,0
"288",2010,"FL",9,0.36958775787479,0.0512863298798936,0
"289",2006,"FL",10,0.217029511369134,0.0442692995513102,0
"290",2008,"FL",10,0.544081134536885,0.0494953197835478,0
"291",2010,"FL",10,0.265972690492245,0.0480779361824563,0
"292",2006,"FL",11,0.252740748151298,0.271204796939509,1
"293",2008,"FL",11,0.637207881724602,0.26545284821499,1
"294",2010,"FL",11,0.309701755347039,0.277207467925494,0
"295",2006,"FL",12,0.27621753594426,0.131817026922751,0
"296",2010,"FL",12,0.330629139072848,0.144722654846052,0
"297",2008,"FL",12,0.6970792503092,0.137199618853689,0
"298",2006,"FL",13,0.230477931574824,0.0411585447783254,0
"299",2010,"FL",13,0.286749681946104,0.0449384281685065,1
"300",2008,"FL",13,0.51763713699032,0.0487316755891329,0
"301",2008,"FL",14,0.588492352512746,0.0457157697763157,0
"302",2006,"FL",14,0.185335654865545,0.0438478177885227,0
"303",2010,"FL",14,0.241897923539686,0.0497796640460347,0
"304",2006,"FL",15,0.296965507377655,0.0749691284666811,0
"305",2010,"FL",15,0.33499134517817,0.0846308628774931,0
"306",2008,"FL",15,0.693404073557844,0.07681428460416,0
"307",2006,"FL",16,0.328166394228059,0.0650508754239619,0
"308",2010,"FL",16,0.351172953081877,0.0735967446812472,0
"309",2008,"FL",16,0.735380077758413,0.0672728650177494,0
"310",2010,"FL",17,0.409987791675305,0.587869678258044,1
"311",2006,"FL",17,0.322425224694268,0.564160395447039,1
"312",2008,"FL",18,0.715213515578572,0.0648145091177215,0
"313",2006,"FL",18,0.256344033124257,0.0681357295687782,0
"314",2010,"FL",18,0.268348408500516,0.080041585249762,0
"315",2008,"FL",19,0.771299200647577,0.0790477161704689,0
"316",2010,"FL",19,0.357524143270445,0.0979729527421528,0
"317",2008,"FL",20,0.855720264206121,0.0902601584206179,0
"318",2010,"FL",20,0.377029594374914,0.115734307740782,0
"319",2008,"FL",21,0.819666869925222,0.0840646962809081,0
"320",2006,"FL",21,0.379711055276382,0.0937968579230948,0
"321",2008,"FL",22,0.728702892199825,0.0467825227711162,1
"322",2006,"FL",22,0.283670282361879,0.047826868069868,0
"323",2010,"FL",22,0.381755278959717,0.0491955615027662,1
"324",2008,"FL",23,0.679861419740617,0.526797757741353,1
"325",2010,"FL",23,0.360304796483852,0.531841372441409,1
"326",2006,"FL",24,0.310057407816295,0.0659292268891966,0
"327",2008,"FL",24,0.683419193920604,0.075007299831623,0
"328",2010,"FL",24,0.386361541297935,0.0736331240454777,0
"329",2006,"FL",25,0.194802486920919,0.128794111543767,0
"330",2010,"FL",25,0.258409468438538,0.126366886418052,0
"331",2008,"FL",25,0.494155994445302,0.121148678645699,0
"332",2008,"GA",0,0.617467687350925,0.302423314236544,0
"333",2010,"GA",0,0.375981321864847,0.309255599068139,1
"334",2006,"GA",1,0.19009100906903,0.246752429532735,0
"335",2010,"GA",1,0.263365348076508,0.255557332784931,0
"336",2008,"GA",1,0.525908569887398,0.242469325529497,0
"337",2008,"GA",2,0.526292601713112,0.466830770030136,1
"338",2006,"GA",2,0.231775623191889,0.471342935061993,1
"339",2010,"GA",2,0.337287992499478,0.483779850513658,1
"340",2010,"GA",3,0.393645896247353,0.238350281584365,0
"341",2006,"GA",3,0.273730478608982,0.230601445187633,0
"342",2008,"GA",3,0.644701086956522,0.230996008068498,0
"343",2010,"GA",4,0.433269995345039,0.645184001733055,1
"344",2008,"GA",4,0.684286058758099,0.607543193073986,1
"345",2006,"GA",4,0.314833452570057,0.624063867623504,1
"346",2008,"GA",5,0.594242920849025,0.519938797957474,1
"347",2006,"GA",5,0.284663527240758,0.51301023939555,1
"348",2010,"GA",5,0.385869634502365,0.517412880628486,1
"349",2010,"GA",6,0.421448047235136,0.101351915545041,0
"350",2008,"GA",6,0.696026154983848,0.0972560271634006,0
"351",2006,"GA",6,0.289304916758438,0.0962460487184443,0
"352",2010,"GA",7,0.420932126186119,0.218744378802575,0
"353",2006,"GA",7,0.271488806703471,0.207450593764362,0
"354",2008,"GA",7,0.696121077964531,0.208940374200696,0
"355",2006,"GA",8,0.245964473056748,0.332971436624079,0
"356",2008,"GA",8,0.587297843258216,0.324817790699959,0
"357",2010,"GA",8,0.36452442159383,0.339474153839516,0
"358",2006,"GA",9,0.189517002382499,0.0343302642805757,0
"359",2010,"GA",9,0.25694650449916,0.0360513552678719,0
"360",2008,"GA",9,0.43979641299079,0.0382880082255188,0
"361",2006,"GA",10,0.246779832784393,0.187075087873629,0
"362",2010,"GA",10,0.336949139195401,0.186848799077444,0
"363",2008,"GA",10,0.589065145801519,0.182577375510684,0
"364",2006,"GA",11,0.252510816323879,0.145452930526841,0
"365",2010,"GA",11,0.370136618254632,0.146324095279599,0
"366",2008,"GA",11,0.588434967609304,0.155768378643054,0
"367",2006,"GA",12,0.246868764461765,0.428954326633287,0
"368",2010,"GA",12,0.323526442815061,0.428410801970428,0
"369",2008,"GA",12,0.546631807047296,0.434816450432809,0
"370",2006,"GA",13,0.292808652875433,0.573421838563188,1
"371",2010,"GA",13,0.425164003030293,0.591825906492286,1
"372",2008,"GA",13,0.709061576654242,0.555540320064545,1
"373",2010,"IA",0,0.350259464990498,0.0243375090607504,0
"374",2008,"IA",0,0.773648009086893,0.0213078839305003,0
"375",2006,"IA",1,0.314538790470373,0.0369137656550897,0
"376",2008,"IA",1,0.715943799633476,0.0369137656550897,0
"377",2010,"IA",1,0.33885155772755,0.0369137656550897,0
"378",2006,"IA",2,0.391627500273254,0.0204806654817176,0
"379",2008,"IA",2,0.794869274621584,0.0223545929745847,0
"380",2010,"IA",2,0.368188129121833,0.0250749048594052,0
"381",2010,"IA",3,0.403115264797508,0.0346014047523574,0
"382",2008,"IA",3,0.829031078610603,0.0297158577289479,0
"383",2006,"IA",3,0.451693953639164,0.0274558498896247,0
"384",2008,"IL",0,0.642765897263545,0.149080165678888,0
"385",2010,"IL",0,0.389637660337149,0.148898875496575,0
"386",2006,"IL",1,0.403598971722365,0.656922405008007,1
"387",2008,"IL",1,0.703321580327276,0.633672101470032,1
"388",2010,"IL",1,0.4551632729489,0.632347546677439,1
"389",2006,"IL",2,0.452768385100161,0.685476854277374,1
"390",2008,"IL",2,0.742119848743628,0.70042009472496,1
"391",2010,"IL",2,0.487010901206561,0.696676830121122,1
"392",2008,"IL",3,0.586818333890933,0.0705475281222415,0
"393",2010,"IL",3,0.345580048986863,0.0762155282138311,0
"394",2006,"IL",3,0.322702408752119,0.0765529265987197,0
"395",2010,"IL",4,0.179475212611491,0.0670358435274119,0
"396",2006,"IL",4,0.141052053289383,0.079123816837583,0
"397",2008,"IL",4,0.296647198788665,0.0803198198667765,0
"398",2008,"IL",5,0.301086132861834,0.0371069860298149,0
"399",2010,"IL",5,0.181288897811684,0.0352189191800872,0
"400",2006,"IL",5,0.152591806973353,0.0355913529479766,0
"401",2006,"IL",6,0.17198594276698,0.0323169813070032,0
"402",2008,"IL",6,0.441180935033394,0.0312475543381594,0
"403",2010,"IL",6,0.242328126238998,0.0301477865486032,0
"404",2010,"IL",7,0.394646387066719,0.515644477146814,1
"405",2008,"IL",7,0.657389906996495,0.535365084459422,1
"406",2006,"IL",7,0.368780031536994,0.546200326877909,1
"407",2010,"IL",8,0.251023730820465,0.0417902877631093,0
"408",2006,"IL",8,0.246100823646241,0.0358782081644458,0
"409",2008,"IL",8,0.478757691180779,0.0426887357855349,0
"410",2008,"IL",9,0.52972902722724,0.108027854605697,0
"411",2006,"IL",9,0.327104243139872,0.0914986166110023,0
"412",2010,"IL",9,0.364472422357194,0.0950070320202223,0
"413",2006,"IL",10,0.222328747423422,0.0505478582401659,1
"414",2010,"IL",10,0.246068698937011,0.0541819280922088,1
"415",2008,"IL",10,0.473994158107981,0.0499175722741821,1
"416",2006,"IL",11,0.261176142049289,0.0805549671282644,0
"417",2010,"IL",11,0.328244630099369,0.0805549671282644,0
"418",2008,"IL",11,0.575085522794443,0.0805549671282644,0
"419",2006,"IL",12,0.316279536698917,0.159616147291759,0
"420",2010,"IL",12,0.394332969418615,0.159616147291759,0
"421",2008,"IL",12,0.675613949227622,0.159616147291759,0
"422",2006,"IL",13,0.232309150727709,0.0696519152043377,0
"423",2010,"IL",13,0.32827874981307,0.064786843823693,0
"424",2008,"IL",13,0.569863347231945,0.0628550986911325,0
"425",2010,"IL",14,0.192797993334021,0.0545326787588068,0
"426",2006,"IL",14,0.153006051491388,0.0539038659380917,0
"427",2008,"IL",14,0.423819243026462,0.0539038659380917,0
"428",2006,"IL",15,0.246461723079095,0.0565728810378118,0
"429",2008,"IL",15,0.489746493049003,0.0625528750241012,0
"430",2010,"IL",15,0.241366295527458,0.0625528750241012,0
"431",2008,"IL",16,0.550001785140491,0.0557955987434088,0
"432",2006,"IL",16,0.265788501785055,0.0479457445175913,0
"433",2010,"IL",16,0.253418544039416,0.0557955987434088,0
"434",2010,"IL",17,0.279176605707218,0.0709512825013164,0
"435",2006,"IL",17,0.265688959566511,0.0709512825013164,0
"436",2008,"IL",17,0.566277014666212,0.0669132872181949,0
"437",2010,"IL",18,0.266240431709535,0.0677436402794224,0
"438",2008,"IL",18,0.495148494411184,0.0675914888188085,0
"439",2006,"IL",18,0.258560179314006,0.0675914888188085,0
"440",2008,"IL",19,0.423425994634397,0.0342787932862951,0
"441",2006,"IL",19,0.235116159598151,0.0342787932862951,0
"442",2010,"IL",19,0.241109652377419,0.0342787932862951,0
"443",2006,"IN",0,0.282386710704845,0.0806761249851723,0
"444",2010,"IN",0,0.296339059631476,0.0846354848412712,0
"445",2006,"IN",1,0.26229747318343,0.176568480612415,0
"446",2008,"IN",1,0.65607468246488,0.176568480612415,0
"447",2010,"IN",1,0.337877563843634,0.176568480612415,0
"448",2006,"IN",2,0.25100140738335,0.0756856631918341,0
"449",2010,"IN",2,0.242934117070781,0.0832679032110045,0
"450",2008,"IN",2,0.522533775172062,0.0803177495470226,0
"451",2008,"IN",3,0.577065767284992,0.0528820048591597,0
"452",2010,"IN",3,0.235881618565029,0.0541636005648257,0
"453",2006,"IN",3,0.221166080383205,0.0535191408737868,0
"454",2006,"IN",4,0.212747994934572,0.0255297595741089,0
"455",2008,"IN",4,0.552202054312649,0.0255297595741089,0
"456",2010,"IN",4,0.25357624831309,0.0261016131219608,0
"457",2010,"IN",5,0.227986474593543,0.0368257748014062,0
"458",2008,"IN",5,0.509657726180945,0.0352746387632695,0
"459",2006,"IN",5,0.222177742193755,0.0352746387632695,0
"460",2006,"IN",6,0.286695130394646,0.0342659665327555,0
"461",2008,"IN",6,0.538541426263559,0.0342659665327555,0
"462",2010,"IN",6,0.275617355181168,0.0342659665327555,0
"463",2006,"IN",7,0.331560926777605,0.310647800740485,1
"464",2008,"IN",7,0.756150391190959,0.30883849965881,1
"465",2010,"IN",7,0.338376396066011,0.321111917593229,1
"466",2006,"IN",8,0.198003484484626,0.0405416240321324,0
"467",2008,"IN",8,0.415925036492913,0.0405416240321324,0
"468",2010,"IN",8,0.187220417196403,0.0405416240321324,0
"469",2006,"IN",9,0.220449438202247,0.0247811462811574,0
"470",2010,"IN",9,0.234456928838951,0.0247811462811574,0
"471",2008,"IN",9,0.453333333333333,0.0247811462811574,0
"472",2008,"KS",0,0.623195429508747,0.0533797064879798,0
"473",2010,"KS",0,0.307329032958483,0.0547060908057855,0
"474",2006,"KS",1,0.213681857934117,0.0223369711492546,0
"475",2008,"KS",1,0.426877854435915,0.0223369711492546,0
"476",2010,"KS",1,0.217082887960354,0.0223369711492546,0
"477",2008,"KS",2,0.513708637730984,0.0449404784895982,0
"478",2006,"KS",2,0.267039106145251,0.0449404784895982,0
"479",2010,"KS",2,0.247056295659648,0.0449404784895982,0
"480",2010,"KS",3,0.381522170130385,0.0811125279532013,0
"481",2008,"KS",3,0.723708411911248,0.0820046471400233,0
"482",2006,"KS",3,0.359415986142044,0.0795162515397542,0
"483",2010,"KS",4,0.285254365983295,0.0651680811983406,0
"484",2006,"KS",4,0.25188388286541,0.0649052351785508,0
"485",2008,"KS",4,0.586508412513021,0.0639566340951304,1
"486",2010,"KY",0,0.367386448874232,0.0735799059951234,0
"487",2008,"KY",0,0.61627464682831,0.0708375786878815,0
"488",2006,"KY",1,0.343469369609674,0.0652739140359905,0
"489",2010,"KY",1,0.367772146646513,0.0652739140359905,0
"490",2008,"KY",1,0.579799057526451,0.0652739140359905,0
"491",2008,"KY",2,0.547499920328882,0.057395430168497,0
"492",2006,"KY",2,0.294815003664871,0.057395430168497,0
"493",2010,"KY",2,0.331909876031741,0.057395430168497,0
"494",2006,"KY",3,0.371997961480475,0.188329060974098,0
"495",2008,"KY",3,0.666054596645856,0.193161284983241,0
"496",2010,"KY",3,0.403463683887737,0.193528878706981,0
"497",2010,"KY",4,0.241631205673759,0.0261841843812269,0
"498",2006,"KY",4,0.216737588652482,0.0261841843812269,0
"499",2008,"KY",4,0.412553191489362,0.0261841843812269,0
"500",2006,"KY",5,0.544093981332475,0.0120926231884904,0
"501",2010,"KY",5,0.513839716768587,0.0120926231884904,0
"502",2008,"KY",5,0.620534277438043,0.0120926231884904,0
"503",2010,"KY",6,0.363278224110838,0.081783922326723,0
"504",2006,"KY",6,0.335601719197708,0.0780482714022412,0
"505",2008,"KY",6,0.595091074076533,0.081783922326723,0
"506",2010,"LA",0,0.35353978444929,0.306849261563284,0
"507",2008,"LA",0,0.607897933640915,0.302208735126382,0
"508",2010,"LA",1,0.294126773674857,0.14406151132713,0
"509",2008,"LA",1,0.481268865130187,0.14406151132713,0
"510",2010,"LA",2,0.375352726659104,0.579508659843102,1
"511",2008,"LA",2,0.700423799614175,0.571476935363461,1
"512",2010,"LA",3,0.40270008651927,0.258214570895811,0
"513",2008,"LA",4,0.543848316741394,0.324886840589252,0
"514",2010,"LA",4,0.327491798907348,0.324588877035486,0
"515",2010,"LA",5,0.323008248423096,0.3261186031596,0
"516",2010,"LA",6,0.356192247013748,0.332649217014816,0
"517",2008,"LA",6,0.597023191819316,0.334596740370829,0
"518",2008,"LA",7,0.626710014116439,0.240593719059979,1
"519",2008,"MA",0,0.574917874396135,0.0502519123239807,0
"520",2006,"MA",0,0.36945152205981,0.0475046301269416,0
"521",2010,"MA",1,0.243092553586916,0.0167363062343829,0
"522",2008,"MA",1,0.431213017751479,0.0166555793727055,0
"523",2006,"MA",1,0.197358366990503,0.0189111972618915,0
"524",2010,"MA",2,0.300161874662761,0.0536866368982342,0
"525",2008,"MA",2,0.508629717255556,0.0530613756896868,0
"526",2006,"MA",2,0.305295298644805,0.0502014736236485,0
"527",2008,"MA",3,0.388016429089152,0.027874556638082,0
"528",2010,"MA",3,0.176003993787442,0.0382278787004896,0
"529",2006,"MA",3,0.234523480025833,0.0240046773575587,0
"530",2010,"MA",4,0.209624307738363,0.0280864748972664,0
"531",2006,"MA",4,0.192738051130048,0.0285966150253545,0
"532",2008,"MA",4,0.354104301244683,0.0259303064286488,0
"533",2006,"MA",5,0.215921977772738,0.0203797219686377,0
"534",2008,"MA",5,0.384496676163343,0.0191206411679389,0
"535",2010,"MA",5,0.295233213736545,0.0172760740542324,0
"536",2006,"MA",6,0.277303055132857,0.018314931932683,0
"537",2008,"MA",6,0.42904806589511,0.0205740395134822,0
"538",2010,"MA",6,0.266722060656419,0.0203812918877039,0
"539",2006,"MA",7,0.315315315315315,0.0369835347276897,0
"540",2008,"MA",7,0.506205424832931,0.0400860836659395,0
"541",2010,"MA",7,0.312246677953927,0.0455759248000748,0
"542",2008,"MA",8,0.679391372696238,0.198185567777321,0
"543",2010,"MA",8,0.46329254727475,0.191769693008732,0
"544",2006,"MA",8,0.491155131654031,0.187085360459973,0
"545",2008,"MA",9,0.652419040634382,0.0963266801922427,0
"546",2006,"MA",9,0.419306220677249,0.0914631163760711,1
"547",2010,"MA",9,0.352402577024607,0.112945429828969,0
"548",2010,"MA",10,0.263617045073258,0.0183911403288643,0
"549",2008,"MA",10,0.381009484356263,0.0186382477243173,0
"550",2006,"MA",10,0.259897360703812,0.0169155216032541,0
"551",2006,"MD",0,0.3986758406999,0.279977036422785,1
"552",2010,"MD",0,0.440171528043137,0.291584350488524,0
"553",2006,"MD",1,0.335692517777149,0.112322791712105,0
"554",2010,"MD",1,0.376477672487561,0.113127452579724,0
"555",2008,"MD",1,0.599324863642411,0.110340069650609,0
"556",2008,"MD",2,0.728904682603165,0.303254796699473,0
"557",2010,"MD",2,0.457799622678979,0.31793598898226,0
"558",2006,"MD",2,0.427735395548124,0.285530987974816,0
"559",2006,"MD",3,0.447118415617731,0.183659902378647,0
"560",2008,"MD",3,0.728569809726901,0.191881255052966,1
"561",2010,"MD",3,0.475092929413402,0.190590027050168,0
"562",2010,"MD",4,0.43986717253734,0.599300413947206,1
"563",2008,"MD",4,0.790635348539807,0.583007531600275,1
"564",2006,"MD",4,0.396724677085026,0.590955934362952,1
"565",2006,"MD",5,0.453429140659062,0.345323946668293,0
"566",2008,"MD",5,0.860764206365284,0.354092633627818,0
"567",2010,"MD",5,0.504368104312939,0.371038181205818,1
"568",2006,"MD",6,0.258836865789564,0.0545243749859526,0
"569",2008,"MD",6,0.44988419224088,0.0635845173357093,0
"570",2010,"MD",6,0.245976560309538,0.0645720782700636,0
"571",2006,"MD",7,0.345887406490599,0.5770337601667,1
"572",2008,"MD",7,0.621829869835838,0.56465363674087,1
"573",2010,"MD",7,0.407999225617179,0.570726473025519,1
"574",2006,"MD",8,0.4280212442153,0.153543147498611,0
"575",2010,"MD",8,0.411680204067933,0.174200096823307,0
"576",2008,"MD",8,0.679518563851489,0.170351870557599,0
"577",2008,"ME",0,0.904825737265416,0.0050838514214729,0
"578",2008,"MI",0,0.811796705592036,0.133212681922752,0
"579",2006,"MI",0,0.504916515281862,0.133246983590372,0
"580",2010,"MI",1,0.135846964236207,0.0139575469233999,0
"581",2008,"MI",1,0.227197116717494,0.0139575469233999,0
"582",2006,"MI",1,0.161352924868312,0.0139575469233999,0
"583",2010,"MI",2,0.308636940366141,0.0435380484426881,1
"584",2008,"MI",2,0.708582562987131,0.0435380484426881,1
"585",2006,"MI",2,0.378557186876926,0.0435380484426881,0
"586",2010,"MI",3,0.269660146216163,0.0821687617454976,1
"587",2006,"MI",3,0.446812606567296,0.0752696184975884,0
"588",2008,"MI",3,0.814708746205395,0.0713201727958823,0
"589",2006,"MI",4,0.305226863098503,0.0242685304046023,0
"590",2008,"MI",4,0.496591176240107,0.0242685304046023,0
"591",2010,"MI",4,0.256406237755662,0.0242685304046023,0
"592",2006,"MI",5,0.497398262235531,0.17072506400828,0
"593",2010,"MI",5,0.424144503490148,0.168476769927972,0
"594",2008,"MI",5,0.895588485777551,0.161155323385396,0
"595",2006,"MI",6,0.351188841908737,0.0736206983677801,0
"596",2010,"MI",6,0.261301666581724,0.0795549689925781,0
"597",2008,"MI",6,0.741562841821626,0.075404097808266,0
"598",2006,"MI",7,0.293144617088279,0.0571100500407124,0
"599",2010,"MI",7,0.270616326954355,0.0571100500407124,0
"600",2008,"MI",7,0.580371664878707,0.0571100500407124,0
"601",2010,"MI",8,0.350495211590407,0.0470547000778018,0
"602",2008,"MI",8,0.926236538644811,0.0404378681578283,0
"603",2006,"MI",8,0.506151790240081,0.0425906481526912,0
"604",2008,"MI",9,0.977068032252993,0.0933924863130074,0
"605",2006,"MI",9,0.621009643139687,0.0986101095972438,0
"606",2010,"MI",9,0.438202247191011,0.114339529688568,0
"607",2010,"MI",10,0.321832925336597,0.0249896768470797,0
"608",2006,"MI",10,0.408965728274174,0.0249896768470797,0
"609",2008,"MI",10,0.703641370869033,0.0249896768470797,0
"610",2010,"MI",11,0.476459947121852,0.085547513610463,0
"611",2008,"MI",11,0.932725934106387,0.0821770178878328,0
"612",2006,"MI",11,0.784725492042565,0.0631871455801527,0
"613",2006,"MI",12,0.788727331325227,0.170459803873923,0
"614",2010,"MI",12,0.51029863524198,0.20967523937844,0
"615",2008,"MI",13,0.699806809447641,0.633031407636511,1
"616",2006,"MI",13,0.43091352907125,0.614257438544666,1
"617",2010,"MI",13,0.3453862224523,0.606357516409477,1
"618",2006,"MI",14,0.492548218534585,0.625468657659188,1
"619",2008,"MI",14,0.756724230598462,0.614928833336127,1
"620",2010,"MI",14,0.400605862464255,0.6192696053306,1
"621",2010,"MI",15,0.404656987800918,0.126805215174983,0
"622",2006,"MI",15,0.540401494742331,0.11542782626141,0
"623",2008,"MI",15,0.931701207795773,0.114850938897756,0
"624",2006,"MN",0,0.383577312183574,0.0300956267238214,0
"625",2008,"MN",0,0.728107717420434,0.0323300550023407,0
"626",2008,"MN",1,0.676254461473861,0.0100426755728732,0
"627",2010,"MN",1,0.243697478991597,0.0157563886197555,0
"628",2008,"MN",2,0.570118995152049,0.0224017344807023,0
"629",2006,"MN",2,0.316453221233747,0.0205015452821793,0
"630",2010,"MN",2,0.308426483233018,0.0228301090466516,0
"631",2006,"MN",3,0.370903997198459,0.0451005166850928,0
"632",2010,"MN",3,0.344927037148638,0.0514075047742969,0
"633",2008,"MN",3,0.698632004726628,0.0479600155194887,0
"634",2010,"MN",4,0.2929449306499,0.0722622271131182,0
"635",2006,"MN",4,0.350745397220817,0.0614390870349201,1
"636",2008,"MN",4,0.783320981394079,0.0595464279575787,0
"637",2006,"MN",5,0.418925906774027,0.0970262114837406,1
"638",2008,"MN",5,0.783681835030417,0.107640168326382,1
"639",2010,"MN",5,0.344180795436539,0.112844537026276,1
"640",2010,"MN",6,0.306389440485925,0.0157231433797871,0
"641",2008,"MN",6,0.590337894442893,0.0133540175791228,0
"642",2006,"MN",6,0.319728813559322,0.0140148643076087,0
"643",2010,"MO",0,0.373073974077669,0.109923777740518,0
"644",2006,"MO",0,0.410142148263688,0.104529956296702,0
"645",2006,"MO",1,0.450452317783182,0.50856295546701,1
"646",2008,"MO",1,0.760129752127786,0.52229184004255,1
"647",2010,"MO",1,0.453816611507354,0.526515398592927,1
"648",2010,"MO",2,0.136454803236738,0.0286600594648166,0
"649",2008,"MO",2,0.39905940936441,0.0286600594648166,0
"650",2006,"MO",2,0.212946953454596,0.0286600594648166,0
"651",2010,"MO",3,0.352155954060044,0.0840435034778228,0
"652",2006,"MO",3,0.333140460002893,0.0873739778141971,0
"653",2008,"MO",3,0.732074037887423,0.0767009794227547,0
"654",2006,"MO",4,0.218302094818082,0.0324519660810762,0
"655",2008,"MO",4,0.420433664094083,0.0324519660810762,0
"656",2010,"MO",4,0.214381967413941,0.0324519660810762,0
"657",2008,"MO",5,0.824128670675463,0.22743648756307,1
"658",2010,"MO",5,0.40205858347692,0.239053757286836,1
"659",2006,"MO",5,0.450560469186019,0.236132796358219,1
"660",2008,"MO",6,0.602168244819542,0.0288251582278481,0
"661",2006,"MO",6,0.281143344709898,0.0325863315353389,0
"662",2010,"MO",6,0.184739303654945,0.0448731651010676,0
"663",2008,"MO",7,0.498490219246422,0.0144441916031403,0
"664",2006,"MO",7,0.270053826965997,0.0144441916031403,0
"665",2010,"MO",7,0.241302350006564,0.0144441916031403,0
"666",2008,"MO",8,0.580142169227241,0.0442657528629112,0
"667",2010,"MO",8,0.27149736299014,0.0442657528629112,0
"668",2006,"MO",8,0.328777803256134,0.0442657528629112,0
"669",2008,"MO",9,0.452662251655629,0.0372090547618719,0
"670",2010,"MO",9,0.196927152317881,0.0372090547618719,0
"671",2006,"MO",9,0.230445214609437,0.0376987955682056,0
"672",2006,"MS",0,0.281069814319182,0.349806540894713,1
"673",2006,"MS",1,0.251749954772541,0.253208759185816,0
"674",2008,"MS",1,0.677917866933857,0.253208759185816,0
"675",2010,"MS",1,0.422960241584214,0.253208759185816,0
"676",2006,"MS",2,0.30037357713929,0.635289184672933,1
"677",2010,"MS",2,0.336103425368754,0.64583029611333,1
"678",2008,"MS",2,0.606158938671254,0.635648030219251,1
"679",2010,"MS",3,0.322535272934248,0.330473251847538,0
"680",2008,"MS",3,0.627945796254337,0.330473251847538,0
"681",2006,"MS",3,0.258721089328911,0.330473251847538,0
"682",2006,"MS",4,0.234266178100856,0.218104869148891,0
"683",2010,"MS",4,0.330467381462143,0.218104869148891,0
"684",2008,"MS",4,0.572485169545312,0.218104869148891,0
"685",2008,"NC",0,0.719554903895162,0.213021949898406,0
"686",2010,"NC",0,0.377398923241242,0.215670953844506,0
"687",2008,"NC",1,0.673558269697038,0.486721076431014,1
"688",2006,"NC",1,0.217939696955129,0.492137576812143,1
"689",2010,"NC",1,0.380243956802776,0.492137576812143,1
"690",2006,"NC",2,0.246704357902869,0.297162880780051,0
"691",2010,"NC",2,0.391790947318933,0.299026077991862,0
"692",2008,"NC",2,0.661985893265484,0.303005757782766,0
"693",2006,"NC",3,0.217291822955739,0.164250890257076,0
"694",2010,"NC",3,0.345450651517201,0.161443007430134,0
"695",2008,"NC",3,0.65053623428585,0.167334859877507,0
"696",2010,"NC",4,0.446122122053886,0.207445981107529,0
"697",2006,"NC",4,0.297078119305066,0.199041990016867,0
"698",2008,"NC",4,0.824216577044317,0.201765872273561,0
"699",2006,"NC",5,0.233095382345968,0.0747139896597397,0
"700",2010,"NC",5,0.340968061518139,0.0816431074991334,0
"701",2008,"NC",5,0.736348549903854,0.0747139896597397,0
"702",2010,"NC",6,0.401220956347748,0.0941917220211469,0
"703",2008,"NC",6,0.765921869447986,0.0952306072361965,0
"704",2006,"NC",6,0.265850794797688,0.0896456519186938,0
"705",2006,"NC",7,0.231170714026821,0.208400606544716,0
"706",2008,"NC",7,0.647000724900326,0.208400606544716,0
"707",2010,"NC",7,0.373493338039354,0.207777969265068,0
"708",2010,"NC",8,0.355065933194425,0.28474208137365,0
"709",2006,"NC",8,0.223173276066305,0.29019452163557,0
"710",2008,"NC",8,0.717164503508663,0.278743895499168,0
"711",2010,"NC",9,0.407554720184321,0.140313892036657,0
"712",2006,"NC",9,0.243155901655681,0.13097999582314,0
"713",2008,"NC",9,0.767745020321367,0.13753365960363,0
"714",2006,"NC",10,0.245049051068121,0.0869920660715389,0
"715",2010,"NC",10,0.346520583111763,0.0869920660715389,0
"716",2008,"NC",10,0.669615843036582,0.0869920660715389,0
"717",2010,"NC",11,0.34000570559148,0.0396353069324097,0
"718",2006,"NC",11,0.276435907189045,0.0396353069324097,0
"719",2008,"NC",11,0.655144541650818,0.0396353069324097,0
"720",2010,"NC",12,0.345708257449365,0.479856994438673,1
"721",2006,"NC",12,0.224832473234229,0.465601255183234,1
"722",2008,"NC",12,0.7327733734588,0.468783229210753,1
"723",2010,"NC",13,0.39495164552062,0.286194816705124,1
"724",2006,"NC",13,0.269789067815831,0.27468864674255,1
"725",2008,"NC",13,0.758454931954622,0.27343412274655,0
"726",2006,"NE",0,0.302088778780371,0.0348063763300502,0
"727",2008,"NE",0,0.662930575284091,0.0352031077743582,0
"728",2008,"NE",1,0.532570702256117,0.014087848726856,0
"729",2006,"NE",1,0.256021409455843,0.0150651794113694,0
"730",2010,"NE",1,0.187208983840044,0.0159779083863232,0
"731",2010,"NE",2,0.23801348560623,0.0899135562734342,0
"732",2006,"NE",2,0.284440385700089,0.0892540784158606,0
"733",2008,"NE",2,0.662916006339144,0.0890232833743257,0
"734",2008,"NH",0,0.815102223548724,0.00673432819021337,0
"735",2010,"NH",0,0.386203150461706,0.00735141437858386,0
"736",2008,"NJ",0,0.625298709977926,0.13473147123375,0
"737",2006,"NJ",0,0.30282269538246,0.133484588677642,0
"738",2008,"NJ",1,0.687605500943303,0.163540038566934,0
"739",2010,"NJ",1,0.389577629801427,0.172304618300169,0
"740",2006,"NJ",1,0.297257637719509,0.172688827776439,0
"741",2010,"NJ",2,0.272835741747315,0.136194842061971,0
"742",2008,"NJ",2,0.543680949318992,0.13783545877002,0
"743",2006,"NJ",2,0.24791778214052,0.136964758606641,1
"744",2010,"NJ",3,0.44713905167821,0.0922097725656031,0
"745",2006,"NJ",3,0.349381999910758,0.0869843660244368,0
"746",2008,"NJ",3,0.72150975102817,0.0874187444065805,0
"747",2006,"NJ",4,0.258345428156749,0.0789112558124038,0
"748",2008,"NJ",4,0.543093413522165,0.0834177909133759,0
"749",2010,"NJ",4,0.31869862282481,0.074465230810814,0
"750",2008,"NJ",5,0.484403052064632,0.0187348509851984,0
"751",2010,"NJ",5,0.270247332686712,0.0174639572971519,0
"752",2006,"NJ",5,0.238578680203046,0.0187661147262666,0
"753",2008,"NJ",6,0.709023146936073,0.154664615047483,0
"754",2006,"NJ",6,0.296941882529456,0.155621991223472,0
"755",2010,"NJ",6,0.357169615584116,0.160685676183773,0
"756",2008,"NJ",7,0.485204496208017,0.0643065534509036,0
"757",2006,"NJ",7,0.266885642013063,0.0574248882375132,0
"758",2010,"NJ",7,0.299359921221073,0.0577026465895929,0
"759",2008,"NJ",8,0.610451664822452,0.142798658344765,0
"760",2010,"NJ",8,0.327526016002138,0.144668480651101,0
"761",2006,"NJ",8,0.33621232568601,0.137676043253688,0
"762",2008,"NJ",9,0.561857151065908,0.0848837804815593,0
"763",2010,"NJ",9,0.324293375041895,0.0850831250059409,0
"764",2006,"NJ",9,0.322445029186704,0.0794151768664836,0
"765",2008,"NJ",10,0.65615751935819,0.601590748555118,1
"766",2006,"NJ",10,0.320016701389487,0.613108480793846,1
"767",2010,"NJ",10,0.305009799118079,0.628620561323358,1
"768",2008,"NJ",11,0.405774409720048,0.034482088404758,0
"769",2006,"NJ",11,0.24684038071462,0.0273804641306948,0
"770",2010,"NJ",11,0.233797612279704,0.0304293671937169,0
"771",2006,"NJ",12,0.316555565701762,0.115409502972972,0
"772",2008,"NJ",12,0.614115028087445,0.120094824345211,0
"773",2010,"NJ",12,0.375154833497891,0.114894758010457,0
"774",2008,"NJ",13,0.517996494788304,0.151412306282752,0
"775",2010,"NJ",13,0.226217267668045,0.153375841853322,0
"776",2006,"NJ",13,0.246915728816181,0.152738356484011,0
"777",2006,"NM",0,0.381512022194821,0.0195886031043467,0
"778",2008,"NM",0,0.668448814094514,0.0204437936885316,0
"779",2006,"NM",1,0.308830223031406,0.0289128403542711,0
"780",2010,"NM",1,0.332336182336182,0.0283827302003166,0
"781",2008,"NM",1,0.623095003411934,0.0285701288461039,0
"782",2010,"NM",2,0.281452658884565,0.0177047644416684,0
"783",2006,"NM",2,0.251750972762646,0.0177047644416684,0
"784",2008,"NM",2,0.460192260290855,0.0187068438829266,0
"785",2010,"NM",3,0.379431133529494,0.0151748391513827,0
"786",2006,"NM",3,0.333053103544907,0.0151748391513827,0
"787",2008,"NM",3,0.628135070758022,0.0151748391513827,0
"788",2006,"NV",0,0.267919709224271,0.0767414233185721,0
"789",2010,"NV",0,0.337691428267574,0.0848663921798909,0
"790",2008,"NV",1,0.650294949262986,0.151227654346713,0
"791",2006,"NV",1,0.24628881940439,0.149666169157619,0
"792",2010,"NV",1,0.344782496116002,0.166120745091545,0
"793",2008,"NV",2,0.554873028940536,0.0283271534179686,0
"794",2010,"NV",2,0.293552352218125,0.0303330740328346,0
"795",2006,"NV",2,0.297268828530585,0.0244666163503488,0
"796",2010,"NV",3,0.332236485264871,0.0770601503864153,0
"797",2006,"NV",3,0.275853244305888,0.0706534245944862,0
"798",2008,"NV",3,0.691147056265762,0.0717212731321221,0
"799",2006,"NY",0,0.279470156326969,0.142505267593112,0
"800",2010,"NY",1,0.23925829479639,0.0438099059600591,0
"801",2008,"NY",1,0.485871752252646,0.0460892109072289,0
"802",2006,"NY",1,0.22972582972583,0.0362575889802043,0
"803",2006,"NY",2,0.226133431625507,0.108059665823591,0
"804",2008,"NY",2,0.616744693423026,0.0956270020993519,0
"805",2010,"NY",2,0.29572869714531,0.103145506229909,0
"806",2010,"NY",3,0.339321177107781,0.0240180731772889,0
"807",2006,"NY",3,0.230245719607422,0.029223164995007,0
"808",2008,"NY",3,0.826205023761032,0.0183004099888185,0
"809",2010,"NY",4,0.383961468994582,0.188422829450681,0
"810",2006,"NY",4,0.326435911985373,0.183715876869475,0
"811",2008,"NY",4,0.661723171916986,0.195004860906715,0
"812",2006,"NY",5,0.266719508570296,0.0546998634264779,0
"813",2010,"NY",5,0.29925187032419,0.0515551395717195,0
"814",2008,"NY",5,0.557774834437086,0.049619996266999,0
"815",2010,"NY",6,0.336381354248465,0.520517183217892,1
"816",2008,"NY",6,0.581846556717938,0.559700056257957,1
"817",2006,"NY",6,0.287641503361136,0.565762775355608,1
"818",2010,"NY",7,0.314517366617218,0.2091020186597,0
"819",2006,"NY",7,0.314131305044035,0.187934476221047,0
"820",2008,"NY",7,0.517152715939448,0.220316496516478,0
"821",2010,"NY",8,0.305967296665959,0.051255537535511,0
"822",2006,"NY",8,0.263277189417328,0.0545783397213175,0
"823",2008,"NY",8,0.48753553108766,0.0625252801758479,0
"824",2006,"NY",9,0.272334462221184,0.0399353609596053,0
"825",2008,"NY",9,0.458409307979509,0.0509800276213747,0
"826",2010,"NY",9,0.306319151363066,0.0407029109986536,0
"827",2008,"NY",10,0.585656523472351,0.624758358139921,1
"828",2006,"NY",10,0.275976174718729,0.628288258760741,1
"829",2010,"NY",10,0.298489170399453,0.633694011129617,1
"830",2008,"NY",11,0.574597411884429,0.547409758729282,1
"831",2006,"NY",11,0.288370192804651,0.544046681770222,1
"832",2010,"NY",11,0.327266569908079,0.533457901474171,1
"833",2008,"NY",12,0.472969020675381,0.114518252481714,0
"834",2010,"NY",12,0.225739786069539,0.114291572901012,0
"835",2006,"NY",12,0.187262167033847,0.121084171781786,0
"836",2008,"NY",13,0.56199177114718,0.0640301201070384,0
"837",2010,"NY",13,0.284654321375798,0.0676815242440169,0
"838",2006,"NY",13,0.231750249086682,0.0651142472827615,0
"839",2008,"NY",14,0.68760702578404,0.0435471809064819,0
"840",2006,"NY",14,0.314849256068912,0.0446766127815521,0
"841",2010,"NY",14,0.293036093418259,0.0510523725804319,0
"842",2008,"NY",15,0.568219806329516,0.358575426604255,1
"843",2006,"NY",15,0.290636324507449,0.359696852409074,1
"844",2010,"NY",15,0.282054324894515,0.353841093436164,1
"845",2006,"NY",16,0.229877135426718,0.356787115938845,0
"846",2008,"NY",16,0.488777974301198,0.401178727182006,0
"847",2010,"NY",16,0.18331660266895,0.410644535472656,0
"848",2010,"NY",17,0.308317269044962,0.312715229525281,0
"849",2008,"NY",17,0.567910801477614,0.316346275136078,0
"850",2006,"NY",17,0.307948860478043,0.302182179355473,1
"851",2006,"NY",18,0.321144211844695,0.104827081736146,0
"852",2010,"NY",18,0.347760095667372,0.100524538168301,0
"853",2008,"NY",18,0.566062776490415,0.108368109139721,0
"854",2006,"NY",19,0.257440005621728,0.0578712034794703,0
"855",2008,"NY",19,0.562023117020473,0.053351336100923,0
"856",2010,"NY",19,0.277674567584881,0.0648072803361177,0
"857",2010,"NY",20,0.185208300826962,0.0241545984754977,0
"858",2008,"NY",20,0.292886135441145,0.0264286588062595,0
"859",2006,"NY",20,0.174994313443021,0.0253625836028753,0
"860",2010,"NY",21,0.271743341404358,0.080037363689393,0
"861",2006,"NY",21,0.316193483409097,0.0730940570912397,0
"862",2008,"NY",21,0.661816357250376,0.0679363246089466,0
"863",2006,"NY",22,0.240633357163661,0.0761706341603119,0
"864",2008,"NY",22,0.518879126098314,0.0859814152732886,0
"865",2010,"NY",22,0.229340801378716,0.0924831998151133,0
"866",2008,"NY",23,0.148483867486781,0.0360887673857549,0
"867",2010,"NY",23,0.117651520898126,0.0260696403287429,0
"868",2006,"NY",23,0.109252983645204,0.0268567652377617,0
"869",2008,"NY",24,0.307783931868263,0.0334854280255742,0
"870",2006,"NY",24,0.14416768894341,0.0373745891067694,0
"871",2010,"NY",24,0.209257040143799,0.0264325901641941,0
"872",2008,"NY",25,0.644994502718926,0.068431284034666,0
"873",2006,"NY",25,0.32934150266122,0.0659949272373048,0
"874",2010,"NY",25,0.326376811594203,0.0694475198177053,0
"875",2008,"NY",26,0.373253950080147,0.034509940277336,0
"876",2010,"NY",26,0.190784614510539,0.0341472594501052,0
"877",2006,"NY",26,0.19376973524411,0.0323515371302057,0
"878",2008,"NY",27,0.531542513822979,0.0476055263779674,0
"879",2010,"NY",27,0.268791685420844,0.0501719341825684,0
"880",2006,"NY",27,0.240754518797322,0.0476276832130604,0
"881",2008,"NY",28,0.642649773451921,0.266549770643741,0
"882",2006,"NY",28,0.296862255513941,0.264859347892698,0
"883",2010,"NY",28,0.304236128785951,0.280745630096732,0
"884",2008,"NY",29,0.426641157479373,0.0331686074182187,0
"885",2006,"NY",29,0.288151151227721,0.026426010001981,0
"886",2010,"NY",29,0.24695342862789,0.0299595828827193,0
"887",2010,"OH",0,0.394942530137751,0.114298936591954,0
"888",2006,"OH",0,0.39429768764499,0.108273378929524,0
"889",2010,"OH",1,0.4320330874706,0.285720163292175,0
"890",2006,"OH",1,0.404003842591004,0.262828879886562,0
"891",2008,"OH",1,0.74808804106263,0.272518600260361,0
"892",2006,"OH",2,0.395246518800744,0.0447495813670269,0
"893",2008,"OH",2,0.677008209733751,0.0447495813670269,0
"894",2010,"OH",2,0.423005397559759,0.0447495813670269,0
"895",2010,"OH",3,0.424286183130948,0.158807427621964,0
"896",2008,"OH",3,0.789004312034496,0.149463794348131,0
"897",2006,"OH",3,0.400583234608725,0.161116634574644,0
"898",2010,"OH",4,0.233372431469656,0.0483805880745707,0
"899",2006,"OH",4,0.241583040097311,0.0483805880745707,0
"900",2008,"OH",4,0.480863634388983,0.0483805880745707,0
"901",2006,"OH",5,0.25971438060445,0.0128061449080582,0
"902",2008,"OH",5,0.514779143141813,0.0128061449080582,0
"903",2010,"OH",5,0.277482563932248,0.0128061449080582,0
"904",2008,"OH",6,0.405472023662805,0.0249793736993116,0
"905",2010,"OH",6,0.222249609728042,0.0249793736993116,0
"906",2006,"OH",6,0.225864760496262,0.0249793736993116,0
"907",2008,"OH",7,0.730903379299194,0.0858215020596526,0
"908",2006,"OH",7,0.395141165533102,0.0828158272769085,0
"909",2010,"OH",7,0.355993762055239,0.0963406220408776,0
"910",2008,"OH",8,0.567418071604471,0.0547923309419423,0
"911",2006,"OH",8,0.321124946328897,0.0482719311881445,0
"912",2010,"OH",8,0.299189443920829,0.0543250079362641,0
"913",2008,"OH",9,0.718671216872656,0.13924039795202,0
"914",2010,"OH",9,0.389871150840024,0.14152242223258,0
"915",2006,"OH",9,0.361883291705861,0.132377789180567,0
"916",2008,"OH",10,0.766783053165833,0.0628646038405315,0
"917",2010,"OH",10,0.342441158228055,0.0679486098849667,0
"918",2006,"OH",10,0.40884948684158,0.05591630752741,0
"919",2008,"OH",11,0.770844119982051,0.571628700807987,1
"920",2006,"OH",11,0.430160414886916,0.570137482996042,1
"921",2010,"OH",11,0.434082694624593,0.582365278921585,1
"922",2008,"OH",12,0.898011363636364,0.185387374941509,0
"923",2006,"OH",12,0.452781731542793,0.197062177208398,0
"924",2010,"OH",12,0.4492300620547,0.204911084319192,0
"925",2006,"OH",13,0.380072450510447,0.113966280092911,0
"926",2008,"OH",13,0.70271506458341,0.113966280092911,0
"927",2010,"OH",13,0.407003549343189,0.113966280092911,0
"928",2006,"OH",14,0.304922942534473,0.0333699784709816,0
"929",2008,"OH",14,0.5362201285331,0.0333699784709816,0
"930",2010,"OH",14,0.324514881138079,0.0333699784709816,0
"931",2010,"OH",15,0.408715083798883,0.0721009574523791,0
"932",2006,"OH",15,0.356635423138219,0.0802766020192208,0
"933",2008,"OH",15,0.631295414683037,0.0826660259411002,0
"934",2008,"OH",16,0.595660103820792,0.0443258258102632,0
"935",2006,"OH",16,0.305476312958893,0.0443258258102632,0
"936",2010,"OH",16,0.338306131038676,0.0443258258102632,0
"937",2006,"OH",17,0.363963058850806,0.110785998814184,0
"938",2008,"OH",17,0.677924185633139,0.110785998814184,0
"939",2010,"OH",17,0.380615970789014,0.107553411734574,0
"940",2006,"OH",18,0.233131801692866,0.0169768134090139,0
"941",2008,"OH",18,0.378839177750907,0.0169768134090139,0
"942",2010,"OH",18,0.221039903264813,0.0169768134090139,0
"943",2008,"OK",0,0.726109427712011,0.0687144881632603,0
"944",2010,"OK",0,0.396069432000964,0.0704418360206561,0
"945",2008,"OK",1,0.637883959044369,0.084818869737901,0
"946",2006,"OK",1,0.268971731050794,0.087719298245614,0
"947",2010,"OK",1,0.313549353010373,0.087662063728661,0
"948",2006,"OK",2,0.516868896123113,0.0378507551854825,0
"949",2010,"OK",2,0.586021505376344,0.0378507551854825,0
"950",2008,"OK",2,0.902535266844234,0.0378507551854825,0
"951",2006,"OK",3,0.371055214090181,0.0374570745910599,0
"952",2010,"OK",3,0.418553688823959,0.0363971977613995,0
"953",2008,"OK",3,0.689450067828446,0.0363971977613995,0
"954",2006,"OK",4,0.374356542942292,0.0561804593677225,0
"955",2008,"OK",4,0.681521309881831,0.0606293339227008,0
"956",2006,"OK",5,0.345940887467831,0.128163611249373,0
"957",2010,"OK",5,0.355246127225908,0.141053679460669,0
"958",2008,"OK",5,0.71211786952411,0.125440058193434,0
"959",2008,"OR",0,0.97425878563986,0.0155435036267439,0
"960",2010,"OR",0,0.600872410032715,0.0165893041863299,0
"961",2010,"OR",1,0.554078240859115,0.0141001213165641,0
"962",2006,"OR",1,0.5960863020572,0.0114523775319638,0
"963",2006,"OR",3,0.586447603643483,0.0473072291825237,0
"964",2008,"OR",3,0.927133196565611,0.0507495204033432,0
"965",2010,"OR",3,0.576884458151043,0.0513249969631268,0
"966",2006,"PA",0,0.363522658873018,0.093469377626665,0
"967",2010,"PA",0,0.383625678176323,0.0992363110604882,0
"968",2010,"PA",1,0.467598439691853,0.480222460946242,0
"969",2008,"PA",1,0.813611409324263,0.486326317508549,1
"970",2006,"PA",1,0.416453627874797,0.484888067247684,0
"971",2010,"PA",2,0.525820549916708,0.555125449531858,1
"972",2006,"PA",2,0.503194026285333,0.593068728916855,1
"973",2008,"PA",2,0.853171641046316,0.577682003601908,1
"974",2010,"PA",3,0.221658006613132,0.0344694240577693,0
"975",2006,"PA",3,0.178141237600378,0.0344694240577693,0
"976",2008,"PA",3,0.466816249409542,0.0344694240577693,0
"977",2006,"PA",4,0.244546498277842,0.0331891373712214,0
"978",2010,"PA",4,0.246995035275673,0.0309174450896238,0
"979",2008,"PA",4,0.486542984060622,0.0309174450896238,0
"980",2010,"PA",5,0.13271637396151,0.0185320164018772,0
"981",2008,"PA",5,0.321695236092123,0.0185320164018772,0
"982",2006,"PA",5,0.11715217162688,0.0185320164018772,0
"983",2010,"PA",6,0.324971085531751,0.0700420476025151,0
"984",2006,"PA",6,0.240074956498461,0.0728669045171434,0
"985",2008,"PA",6,0.608412042502952,0.0658967047757606,0
"986",2006,"PA",7,0.270477631294575,0.0756000972164639,0
"987",2010,"PA",7,0.332654190562431,0.0811009294089808,0
"988",2008,"PA",7,0.551030199642829,0.0763016760458253,0
"989",2006,"PA",8,0.340862290862291,0.0315926218826682,0
"990",2008,"PA",8,0.602901825533686,0.0339459634036798,0
"991",2010,"PA",8,0.335732565579015,0.0376241198772342,0
"992",2010,"PA",9,0.130735759493671,0.0197956614769615,0
"993",2008,"PA",9,0.251087816455696,0.0197956614769615,0
"994",2006,"PA",9,0.135494155154091,0.018343544768191,0
"995",2010,"PA",10,0.167751479289941,0.0193391503361465,0
"996",2006,"PA",10,0.138080112934533,0.0224128964130269,0
"997",2008,"PA",10,0.298531671504183,0.0226497544375266,0
"998",2010,"PA",11,0.105081255974704,0.0519551471852375,0
"999",2006,"PA",11,0.0901910943670283,0.0420185536966257,0
"1000",2008,"PA",11,0.290661635898127,0.0433799029636991,0
"1001",2006,"PA",12,0.160716296880279,0.0363043860474055,0
"1002",2010,"PA",12,0.155310282689492,0.0363043860474055,0
"1003",2008,"PA",12,0.336749633967789,0.0363043860474055,0
"1004",2008,"PA",13,0.607277640590784,0.0888433557894301,0
"1005",2010,"PA",13,0.311017257406135,0.097762868838209,0
"1006",2006,"PA",13,0.325832127351664,0.0862817079033295,0
"1007",2010,"PA",14,0.344908819384557,0.207019224488907,0
"1008",2008,"PA",14,0.720248547885992,0.2131322168727,0
"1009",2006,"PA",14,0.342589529402035,0.213940361757563,0
"1010",2010,"PA",15,0.194325573433756,0.0440985537002929,0
"1011",2006,"PA",15,0.184747963640656,0.0325525987126525,0
"1012",2008,"PA",15,0.456418838154435,0.0397392391498482,0
"1013",2008,"PA",16,0.443261809854974,0.0472247310040712,0
"1014",2006,"PA",16,0.20080361627323,0.0407912394103607,0
"1015",2010,"PA",16,0.207355371900826,0.0464431637390201,0
"1016",2006,"PA",17,0.289258493535347,0.0642945004364733,0
"1017",2008,"PA",17,0.597434550631687,0.070814702865242,0
"1018",2010,"PA",17,0.285260515395256,0.0755195134313229,0
"1019",2006,"PA",18,0.233403327410758,0.0244202604144068,0
"1020",2008,"PA",18,0.43950896462607,0.0244202604144068,0
"1021",2010,"PA",18,0.238572120820546,0.0244202604144068,0
"1022",2008,"PA",19,0.439322070031445,0.0344965793910378,0
"1023",2006,"PA",19,0.135762623633524,0.0354564767594884,0
"1024",2010,"PA",19,0.159829295154185,0.0394551024398722,0
"1025",2008,"RI",0,0.581473710979719,0.0412558523822638,0
"1026",2006,"RI",0,0.391755193792828,0.0361772595211081,0
"1027",2010,"RI",1,0.213496316141996,0.0630218735077551,0
"1028",2008,"RI",1,0.543501370782745,0.0469282514743028,0
"1029",2006,"RI",1,0.36150234741784,0.0404945074978254,0
"1030",2006,"RI",2,0.422207446808511,0.0317964519683833,0
"1031",2010,"RI",2,0.312810622357392,0.0349486826516513,0
"1032",2008,"RI",2,0.618697092381303,0.0355952543154497,0
"1033",2008,"SC",0,0.627128194763597,0.275915200557652,0
"1034",2010,"SC",0,0.4020023523153,0.273865625775285,1
"1035",2010,"SC",1,0.362545510074504,0.192852448649352,1
"1036",2006,"SC",1,0.300200544598175,0.192301840864141,0
"1037",2008,"SC",1,0.619591885584346,0.191200435434282,0
"1038",2006,"SC",2,0.297538580140692,0.265888971652687,0
"1039",2010,"SC",2,0.416829132655344,0.262744828003184,0
"1040",2008,"SC",2,0.645774638394241,0.262182622709794,0
"1041",2010,"SC",3,0.361122145924371,0.193135775586481,0
"1042",2006,"SC",3,0.265012708911941,0.191079565698427,0
"1043",2008,"SC",3,0.57589993540431,0.194162986386129,0
"1044",2010,"SC",4,0.375729190818456,0.196690240917043,0
"1045",2008,"SC",4,0.617572071082761,0.193000788788877,0
"1046",2006,"SC",4,0.253019701446569,0.193996075304855,0
"1047",2010,"SC",5,0.416353094878294,0.303160888071198,0
"1048",2006,"SC",5,0.260402054221329,0.303160888071198,0
"1049",2008,"SC",5,0.615235393251616,0.301674996845322,0
"1050",2006,"SC",6,0.296981618094792,0.540039660000199,1
"1051",2010,"SC",6,0.416585105761365,0.529339215223838,1
"1052",2008,"SC",6,0.631004060020263,0.53424441046672,1
"1053",2006,"TN",0,0.390862674260028,0.156242330974969,1
"1054",2008,"TN",0,0.62892185025364,0.155885356822304,0
"1055",2008,"TN",1,0.347637504614249,0.0208208038951581,0
"1056",2006,"TN",1,0.192875599852344,0.0208208038951581,0
"1057",2010,"TN",1,0.137135474344777,0.0208208038951581,0
"1058",2010,"TN",2,0.18704737597703,0.0583477597215242,0
"1059",2008,"TN",2,0.475610145158718,0.0583477597215242,0
"1060",2006,"TN",2,0.311167293170553,0.0571387840830253,0
"1061",2008,"TN",3,0.610604805302403,0.104190045405107,0
"1062",2010,"TN",3,0.286439654866314,0.107272294434128,0
"1063",2006,"TN",3,0.375950702270582,0.104943749963587,0
"1064",2008,"TN",4,0.553546520638529,0.0376597528779351,0
"1065",2010,"TN",4,0.300304799297412,0.0376597528779351,0
"1066",2006,"TN",4,0.327840057860206,0.0376597528779351,0
"1067",2006,"TN",5,0.41062545720556,0.239008473261255,0
"1068",2008,"TN",5,0.678221648389919,0.23885481485389,0
"1069",2010,"TN",5,0.34642192932805,0.244148490926607,0
"1070",2010,"TN",6,0.282818603965505,0.0714625585776667,0
"1071",2006,"TN",6,0.310370294911628,0.0713036625160935,0
"1072",2008,"TN",6,0.597259715784648,0.0713036625160935,0
"1073",2006,"TN",7,0.456565021481714,0.12677082720522,0
"1074",2010,"TN",7,0.330378192534381,0.145707757900406,0
"1075",2008,"TN",7,0.694447829088989,0.135279476486393,0
"1076",2008,"TN",8,0.568160412899337,0.219468485097781,0
"1077",2010,"TN",8,0.285224532851115,0.219468485097781,0
"1078",2006,"TN",8,0.326344936708861,0.219468485097781,0
"1079",2010,"TN",9,0.296957220506709,0.639044036189069,1
"1080",2008,"TN",9,0.650585093880885,0.633067289819933,0
"1081",2006,"TN",9,0.413355244064692,0.626477831639942,0
"1082",2006,"TX",0,0.198283464390322,0.128411754009271,0
"1083",2008,"TX",0,0.523616828188662,0.125324077424249,0
"1084",2010,"TX",1,0.233678932329016,0.184448707592892,0
"1085",2006,"TX",1,0.154545155957477,0.184448707592892,0
"1086",2008,"TX",1,0.428699679216983,0.184448707592892,0
"1087",2006,"TX",2,0.203886010362694,0.221452438370582,0
"1088",2010,"TX",2,0.280216092065572,0.233006580286276,0
"1089",2008,"TX",2,0.544276089490292,0.201704909259454,0
"1090",2010,"TX",3,0.259447539852206,0.117447150067514,0
"1091",2008,"TX",3,0.601680117957473,0.104636622005684,0
"1092",2006,"TX",3,0.194788354619251,0.117069813094218,0
"1093",2010,"TX",4,0.25718531634363,0.10747649259691,0
"1094",2006,"TX",4,0.230754429848344,0.102121418899849,0
"1095",2008,"TX",4,0.524170074156213,0.102274398617818,0
"1096",2006,"TX",5,0.166139054988862,0.142376021934822,0
"1097",2010,"TX",5,0.212217854260498,0.156032229301692,0
"1098",2008,"TX",5,0.465960380233655,0.142635354026724,0
"1099",2006,"TX",6,0.224541337315897,0.164403660201694,0
"1100",2008,"TX",6,0.637906982865265,0.15148935491524,0
"1101",2010,"TX",6,0.292055240729999,0.172787392711411,0
"1102",2010,"TX",7,0.292940996436613,0.0920476749123149,0
"1103",2008,"TX",7,0.494067181697896,0.0968568747338699,0
"1104",2006,"TX",7,0.163166226912929,0.0969404667875311,0
"1105",2010,"TX",8,0.243793530743922,0.0839634267755181,0
"1106",2006,"TX",8,0.172007862239884,0.0839634267755181,0
"1107",2008,"TX",8,0.376509998984875,0.0883363074688164,0
"1108",2010,"TX",9,0.30985243293653,0.511912517972682,1
"1109",2008,"TX",9,0.551025615161422,0.488243882937117,1
"1110",2006,"TX",9,0.201928941533235,0.498781711744754,1
"1111",2006,"TX",10,0.181758304267772,0.116934220453117,0
"1112",2010,"TX",10,0.272892502358621,0.119058513370874,0
"1113",2008,"TX",10,0.513182607713273,0.12083531702356,0
"1114",2008,"TX",11,0.311007629049837,0.0417109205496436,0
"1115",2010,"TX",11,0.137273357772714,0.0417109205496436,0
"1116",2006,"TX",11,0.102893094223719,0.0417109205496436,0
"1117",2010,"TX",12,0.223739116995518,0.0709690746526223,0
"1118",2008,"TX",12,0.532170186715641,0.0628610130878669,0
"1119",2006,"TX",12,0.197907889001889,0.0668960356105004,0
"1120",2010,"TX",13,0.147020116563264,0.0566452467619877,0
"1121",2006,"TX",13,0.143437698777299,0.0607158106133589,0
"1122",2008,"TX",13,0.290799468610553,0.0636259211096662,0
"1123",2008,"TX",14,0.477394122248296,0.0879323660674806,0
"1124",2006,"TX",14,0.205727204220045,0.0971795582297522,0
"1125",2010,"TX",14,0.256957132142239,0.0983601285565386,0
"1126",2008,"TX",15,0.15991599159916,0.0237414017850571,0
"1127",2010,"TX",15,0.0851085108510851,0.0237414017850571,0
"1128",2006,"TX",16,0.0774907749077491,0.0364225949602174,0
"1129",2008,"TX",16,0.256012680035835,0.0375394835895725,0
"1130",2010,"TX",16,0.0797261089610003,0.0385000676244117,0
"1131",2008,"TX",17,0.383207361815594,0.0964859678579995,0
"1132",2006,"TX",17,0.0924838346087679,0.0976539946201572,0
"1133",2010,"TX",17,0.214413187864515,0.102500226298956,0
"1134",2008,"TX",18,0.532025670276437,0.491605070181454,1
"1135",2006,"TX",18,0.199212702438509,0.482436462820872,1
"1136",2010,"TX",18,0.315687676071143,0.473962031023857,1
"1137",2006,"TX",19,0.128150395086694,0.0559676388292131,0
"1138",2008,"TX",19,0.267457393838805,0.0531569683119655,0
"1139",2010,"TX",19,0.11541774332472,0.0559676388292131,0
"1140",2006,"TX",20,0.105222864920041,0.0795729396050684,0
"1141",2008,"TX",20,0.341204472143058,0.0733437308348704,0
"1142",2010,"TX",20,0.112659698025552,0.0856900208557723,0
"1143",2010,"TX",21,0.203594142878272,0.0652586230472363,0
"1144",2008,"TX",21,0.489163327063057,0.063175679748682,0
"1145",2006,"TX",22,0.250213782696177,0.145166443038783,0
"1146",2010,"TX",22,0.336783615394812,0.155702444654286,1
"1147",2008,"TX",22,0.635409853571286,0.134836172529539,0
"1148",2008,"TX",23,0.401196873473376,0.0333207180150814,0
"1149",2010,"TX",23,0.170626349892009,0.0345511148699717,0
"1150",2006,"TX",24,0.237441538195046,0.145002888503755,0
"1151",2010,"TX",24,0.317992095957845,0.148396682038271,0
"1152",2008,"TX",24,0.646951936968469,0.136369821974429,0
"1153",2010,"TX",25,0.213895858092346,0.085144099239216,0
"1154",2008,"TX",25,0.441397488959282,0.0844977688165741,0
"1155",2010,"TX",26,0.298177163464497,0.139822844368416,0
"1156",2006,"TX",26,0.236802222783531,0.143886722370224,0
"1157",2008,"TX",26,0.584079156722355,0.145535591527791,0
"1158",2008,"TX",27,0.238507607640013,0.0281110153045322,0
"1159",2006,"TX",27,0.100194237617352,0.0281110153045322,0
"1160",2010,"TX",27,0.108934930398187,0.0281110153045322,0
"1161",2008,"TX",28,0.416540975364505,0.0189255987991903,0
"1162",2010,"TX",28,0.213926596279537,0.0189255987991903,0
"1163",2006,"TX",29,0.136105726039056,0.140733445570513,0
"1164",2008,"TX",29,0.396953323646931,0.153206704532411,0
"1165",2010,"TX",29,0.240829832672315,0.140156698155409,0
"1166",2008,"TX",30,0.611159082694084,0.508568393962295,1
"1167",2006,"TX",30,0.273136942361808,0.518462782387345,1
"1168",2010,"TX",30,0.32995184528481,0.508170892028026,1
"1169",2008,"TX",31,0.437337662337662,0.125744187615156,0
"1170",2006,"TX",31,0.152293397433194,0.123527297416031,0
"1171",2010,"TX",31,0.153103744925666,0.122166461944705,0
"1172",2006,"TX",32,0.162121629479999,0.0932690852932697,0
"1173",2008,"TX",32,0.502576422254718,0.0816724627708127,0
"1174",2010,"TX",32,0.20859314409803,0.0920093051135309,0
"1175",2010,"UT",0,0.420164198572854,0.00734876613692173,0
"1176",2006,"UT",0,0.422230082235388,0.00694131583631531,0
"1177",2006,"UT",1,0.246654501216545,0.0118842156435747,0
"1178",2010,"UT",1,0.279507941451261,0.0109884469022915,0
"1179",2008,"UT",1,0.567252371326388,0.0113405116014968,0
"1180",2010,"WA",0,0.331283726032989,0.0330937429483866,0
"1181",2006,"WA",0,0.265308374094369,0.0303357561625955,0
"1182",2006,"WA",1,0.2066684077653,0.0232769259138427,0
"1183",2010,"WA",1,0.355253490080823,0.0209529271169904,0
"1184",2008,"WA",1,0.52534516765286,0.021135303460437,0
"1185",2006,"WA",2,0.249032882011605,0.0118691864135696,0
"1186",2008,"WA",2,0.49800796812749,0.0122037879241218,0
"1187",2010,"WA",2,0.325425620987999,0.013012529507899,0
"1188",2008,"WA",3,0.456724558633558,0.0127050876882649,0
"1189",2006,"WA",3,0.252975691533948,0.0111551624184168,0
"1190",2010,"WA",3,0.331987891019173,0.0128639723471882,0
"1191",2010,"WA",4,0.271456227145623,0.0102181887716414,0
"1192",2008,"WA",4,0.379436437943644,0.0102181887716414,0
"1193",2006,"WA",4,0.221553022155302,0.0102181887716414,0
"1194",2006,"WA",5,0.241091138442132,0.0123480106307376,0
"1195",2010,"WA",5,0.246969696969697,0.0134412583683868,0
"1196",2008,"WA",5,0.35469774217043,0.0130956968284187,0
"1197",2006,"WA",6,0.213928714749553,0.052885644994183,0
"1198",2008,"WA",6,0.481944496742855,0.0514228067321917,0
"1199",2010,"WA",6,0.302361452862757,0.0511820422065289,0
"1200",2008,"WA",7,0.607294849410738,0.0705722443305975,0
"1201",2006,"WA",7,0.355896019088283,0.0662850055459481,0
"1202",2010,"WA",7,0.417292632251878,0.070257059017277,0
"1203",2010,"WA",8,0.269323477422465,0.0348621591793975,0
"1204",2008,"WA",8,0.59193376506271,0.0232792904195959,0
"1205",2006,"WA",8,0.276207839562443,0.0239246117975479,0
"1206",2006,"WA",9,0.21977090852032,0.0665203976402116,0
"1207",2010,"WA",9,0.294794862744033,0.0750930277605032,0
"1208",2008,"WA",9,0.502485774183887,0.0663205313587466,0
"1209",2010,"WI",0,0.426564696227618,0.0542893455328703,0
"1210",2006,"WI",0,0.367502266045762,0.050612494365615,0
"1211",2010,"WI",1,0.268056359776105,0.04881390042002,0
"1212",2006,"WI",1,0.230739070770437,0.0488375121112434,0
"1213",2008,"WI",1,0.49311899627524,0.0488375121112434,0
"1214",2008,"WI",2,0.639705035142297,0.0315675762182924,0
"1215",2006,"WI",2,0.34008866371121,0.0296100437868602,0
"1216",2010,"WI",2,0.325128424657534,0.0337489345103082,0
"1217",2006,"WI",4,0.403226263714456,0.329790590968695,1
"1218",2010,"WI",4,0.488180247995669,0.338407718881949,1
"1219",2008,"WI",4,0.777784637758707,0.326769094202249,1
"1220",2006,"WI",5,0.331127080181543,0.020233635740988,0
"1221",2008,"WI",5,0.527515128593041,0.020233635740988,0
"1222",2010,"WI",5,0.387102874432678,0.020233635740988,0
"1223",2008,"WI",6,0.203404465276921,0.0153138807190931,0
"1224",2006,"WI",6,0.125077093869496,0.0153138807190931,0
"1225",2010,"WI",6,0.125940545207845,0.0153138807190931,0
"1226",2006,"WV",0,0.267175572519084,0.0319457248295091,0
"1227",2008,"WV",0,0.534679656752049,0.0327812335422302,0
"1228",2010,"WV",0,0.350476760790456,0.0298210585383711,0
"1229",2008,"WV",1,0.387368629783859,0.0208840630124733,0
"1230",2006,"WV",1,0.195022803886575,0.0208840630124733,0
"1231",2010,"WV",1,0.245389649018441,0.0208840630124733,0
"1232",2010,"WV",2,0.433888813003688,0.0293506259208403,0
"1233",2008,"WV",2,0.671096758166687,0.0325909193950581,0
"1234",2006,"WV",2,0.297975406781766,0.0325909193950581,0
"1235",2006,"WV",3,0.286847249371684,0.0386331565478939,0
"1236",2010,"WV",3,0.344764032393186,0.0386331565478939,0
"1237",2008,"WV",3,0.544987433677744,0.0386331565478939,0
